,year,state,demRatio
0,1976,Alabama,0.5666672397785496
8,1976,Alaska,0.38108171226419174
12,1976,Arizona,0.41386696983103816
19,1976,Arkansas,0.6504885147819915
24,1976,California,0.49082172693181797
31,1976,Colorado,0.4409245616838536
39,1976,Connecticut,0.4738998329378652
43,1976,Delaware,0.527301380893124
50,1976,District of Columbia,0.8317772238685264
55,1976,Florida,0.526802018720792
60,1976,Georgia,0.6693829485931742
62,1976,Hawaii,0.5128263123829938
66,1976,Idaho,0.38267009374055033
71,1976,Illinois,0.4899716625636061
80,1976,Indiana,0.46151222192305175
85,1976,Iowa,0.4948383414684765
96,1976,Kansas,0.4612445923746186
102,1976,Kentucky,0.5365402864664347
111,1976,Louisiana,0.5295957514788067
119,1976,Maine,0.49568821102904614
122,1976,Maryland,0.5303541992343639
124,1976,Massachusetts,0.5811462217110593
134,1976,Michigan,0.4725622595013001
141,1976,Minnesota,0.566419819719711
153,1976,Mississippi,0.509678885287533
160,1976,Missouri,0.5184190712575877
165,1976,Montana,0.46215653854013783
168,1976,Nebraska,0.39373548552603155
173,1976,Nevada,0.4773060407118378
178,1976,New Hampshire,0.44260747047185084
186,1976,New Jersey,0.48899331526049294
198,1976,New Mexico,0.4875523248345117
203,1976,New York,0.534451946087019
212,1976,North Carolina,0.5555329249846495
218,1976,North Dakota,0.4696198949482679
228,1976,Ohio,0.5011635459664862
239,1976,Oklahoma,0.49384779483374297
242,1976,Oregon,0.4991282682307967
246,1976,Pennsylvania,0.513571390921736
254,1976,Rhode Island,0.5567237731880602
260,1976,South Carolina,0.565661090449159
266,1976,South Dakota,0.4925696563319523
270,1976,Tennessee,0.5657294458053167
281,1976,Texas,0.5159850322837711
288,1976,Utah,0.35019941617405553
296,1976,Vermont,0.43661363189943037
302,1976,Virginia,0.4931358114453634
308,1976,Washington,0.47979706432204833
318,1976,West Virginia,0.5806951864533234
320,1976,Wisconsin,0.5086164366749967
330,1976,Wyoming,0.40165595394821757
333,1980,Alabama,0.49323661692960535
343,1980,Alaska,0.32700814355158886
348,1980,Arizona,0.3178791316766491
356,1980,Arkansas,0.4968029405707653
363,1980,California,0.4053337544079053
370,1980,Colorado,0.36069659787135405
378,1980,Connecticut,0.4444280367728735
384,1980,Delaware,0.48733214749822584
388,1980,District of Columbia,0.8481673005783359
398,1980,Florida,0.4094923705280309
402,1980,Georgia,0.5766239969245167
406,1980,Hawaii,0.510840592350869
413,1980,Idaho,0.2748677321266878
418,1980,Illinois,0.45660337617889035
427,1980,Indiana,0.4020267132985023
435,1980,Iowa,0.42936849728791643
446,1980,Kansas,0.3652451056147966
454,1980,Kentucky,0.4928725439873041
462,1980,Louisiana,0.4718911401140074
469,1980,Maine,0.4809051656597664
475,1980,Maryland,0.516191380662185
480,1980,Massachusetts,0.49909326983143676
487,1980,Michigan,0.46453589103201587
493,1980,Minnesota,0.5221361455718679
505,1980,Mississippi,0.4932166779645438
511,1980,Missouri,0.4643458565855658
517,1980,Montana,0.36334755545704733
521,1980,Nebraska,0.2841755487178086
525,1980,Nevada,0.3007267133699923
529,1980,New Hampshire,0.3293230762715197
538,1980,New Jersey,0.4259085548536872
551,1980,New Mexico,0.4009173325688895
557,1980,New York,0.5084486380354196
569,1980,North Carolina,0.4890031737025543
575,1980,North Dakota,0.2901929024787089
585,1980,Ohio,0.4426451498992538
594,1980,Oklahoma,0.366278667196309
598,1980,Oregon,0.44447406156426383
604,1980,Pennsylvania,0.46138364132883364
610,1980,Rhode Island,0.5616605547453524
619,1980,South Carolina,0.4936270672982154
624,1980,South Dakota,0.3436654114190034
629,1980,Tennessee,0.4985007753951459
640,1980,Texas,0.4283265920618454
645,1980,Utah,0.22034814957984086
654,1980,Vermont,0.4641069203760335
663,1980,Virginia,0.4318413947087553
669,1980,Washington,0.429046539051112
677,1980,West Virginia,0.5236978172012975
682,1980,Wisconsin,0.4740969142143971
693,1980,Wyoming,0.3086737402187014
697,1984,Alabama,0.38736604648681733
704,1984,Alaska,0.30944087352283617
708,1984,Arizona,0.3288327242999399
712,1984,Arkansas,0.3877241189805592
722,1984,California,0.41775465177802334
727,1984,Colorado,0.356342301643494
735,1984,Connecticut,0.39000831236981964
740,1984,Delaware,0.40046327300804424
745,1984,District of Columbia,0.8614773394710076
755,1984,Florida,0.34667586786454524
758,1984,Georgia,0.398021798518602
761,1984,Hawaii,0.442962757823506
766,1984,Idaho,0.2672442880258501
770,1984,Illinois,0.4352674669277925
779,1984,Indiana,0.37926570878316285
783,1984,Iowa,0.4627617466997986
792,1984,Kansas,0.3297052288843034
798,1984,Kentucky,0.39635817610548024
807,1984,Louisiana,0.3858083883745785
815,1984,Maine,0.38930882099398384
820,1984,Maryland,0.4724247280785537
826,1984,Massachusetts,0.48601669762740624
830,1984,Michigan,0.40453675001831424
840,1984,Minnesota,0.5009089076819495
852,1984,Mississippi,0.3768496494105839
860,1984,Missouri,0.39975249332122964
862,1984,Montana,0.38698601236313
865,1984,Nebraska,0.28995246326707
870,1984,Nevada,0.3268431844521708
873,1984,New Hampshire,0.31065547745594313
878,1984,New Jersey,0.39478608918503655
887,1984,New Mexico,0.39650401870811797
895,1984,New York,0.47058282129711104
904,1984,North Carolina,0.3797213705011314
908,1984,North Dakota,0.3426541761685233
918,1984,Ohio,0.40529316280931676
927,1984,Oklahoma,0.3089017415230104
930,1984,Oregon,0.43895288660662635
933,1984,Pennsylvania,0.4629926852287835
939,1984,Rhode Island,0.48170269755074707
948,1984,South Carolina,0.3588122058587622
953,1984,South Dakota,0.3670048675643214
957,1984,Tennessee,0.4181815190554701
967,1984,Texas,0.36213694826986587
971,1984,Utah,0.24879978990318252
979,1984,Vermont,0.41335089272220904
988,1984,Virginia,0.3732431206078015
991,1984,Washington,0.4315364898363371
1001,1984,West Virginia,0.44727565675401576
1006,1984,Wisconsin,0.45377984290378265
1017,1984,Wyoming,0.28599600237928097
1020,1988,Alabama,0.40254431601911095
1025,1988,Alaska,0.37836682565746604
1031,1988,Arizona,0.39256508469007495
1036,1988,Arkansas,0.42808357286884896
1042,1988,California,0.4819268946362411
1047,1988,Colorado,0.4604617561850285
1053,1988,Connecticut,0.4741884954356701
1058,1988,Delaware,0.4375881040413072
1061,1988,District of Columbia,0.8524575260565678
1071,1988,Florida,0.38747928354148414
1076,1988,Georgia,0.3979638365523965
1080,1988,Hawaii,0.5480627598015892
1086,1988,Idaho,0.3671217714936695
1090,1988,Illinois,0.4895072300364114
1095,1988,Indiana,0.3987400887506799
1097,1988,Iowa,0.5514848114008251
1108,1988,Kansas,0.4327249829781352
1111,1988,Kentucky,0.44146232188211454
1116,1988,Louisiana,0.4480870767605027
1122,1988,Maine,0.4422898129653169
1127,1988,Maryland,0.48535569768882997
1131,1988,Massachusetts,0.5398258893318696
1137,1988,Michigan,0.46021950039944864
1141,1988,Minnesota,0.5355085992524404
1154,1988,Mississippi,0.39478917044817213
1158,1988,Missouri,0.4800308831902278
1161,1988,Montana,0.4701181027861572
1165,1988,Nebraska,0.39445914505828594
1169,1988,Nevada,0.39181410835414343
1173,1988,New Hampshire,0.3676636727286612
1177,1988,New Jersey,0.43098842386464825
1188,1988,New Mexico,0.4749008425951464
1195,1988,New York,0.5342205263918793
1206,1988,North Carolina,0.4184246213144999
1210,1988,North Dakota,0.4340464427213233
1216,1988,Ohio,0.4452593534974925
1223,1988,Oklahoma,0.41610187727558334
1226,1988,Oregon,0.5238368079759795
1232,1988,Pennsylvania,0.4883045300466226
1238,1988,Rhode Island,0.5587787055331063
1248,1988,South Carolina,0.37927854435581687
1252,1988,South Dakota,0.468076211914141
1255,1988,Tennessee,0.4178135949802923
1259,1988,Texas,0.43653667068862734
1264,1988,Utah,0.32612125168099276
1273,1988,Vermont,0.48218286923275555
1283,1988,Virginia,0.3964105394241759
1286,1988,Washington,0.5080771175458582
1293,1988,West Virginia,0.5237689319762058
1296,1988,Wisconsin,0.5182346629456104
1301,1988,Wyoming,0.38575123577422693
1305,1992,Alabama,0.46178873540097015
1311,1992,Alaska,0.4342573796132983
1321,1992,Arizona,0.48698096016988063
1328,1992,Arkansas,0.5999226706612252
1332,1992,California,0.5851672876937908
1339,1992,Colorado,0.5280206552282498
1348,1992,Connecticut,0.5412511670742668
1353,1992,Delaware,0.5519799270472528
1358,1992,District of Columbia,0.9029706961939273
1369,1992,Florida,0.48803158910419014
1373,1992,Georgia,0.5034212845109663
1378,1992,Hawaii,0.567199777308213
1386,1992,Idaho,0.40338516978843425
1390,1992,Illinois,0.585882182122468
1400,1992,Indiana,0.4616510546606123
1405,1992,Iowa,0.5373252911356213
1420,1992,Kansas,0.4645894441238242
1424,1992,Kentucky,0.5186877769476606
1432,1992,Louisiana,0.5266513786041565
1443,1992,Maine,0.5605587286454831
1450,1992,Maryland,0.5829990003921766
1455,1992,Massachusetts,0.6209222867120157
1466,1992,Michigan,0.5461515964697112
1474,1992,Minnesota,0.5772134022448636
1487,1992,Mississippi,0.45071510532615805
1492,1992,Missouri,0.5650696610031356
1496,1992,Montana,0.517240571248753
1502,1992,Nebraska,0.3868826956766844
1506,1992,Nevada,0.5182477751961773
1515,1992,New Hampshire,0.507965513554495
1521,1992,New Jersey,0.5142031835209345
1534,1992,New Mexico,0.5514215676975641
1544,1992,New York,0.6211082540422493
1556,1992,North Carolina,0.49541535720813284
1563,1992,North Dakota,0.42125295227091225
1566,1992,Ohio,0.5116816334695452
1572,1992,Oklahoma,0.4437788169738132
1575,1992,Oregon,0.5663389151659282
1582,1992,Pennsylvania,0.5554852946101531
1587,1992,Rhode Island,0.6184372281820818
1596,1992,South Carolina,0.4764315457275972
1602,1992,South Dakota,0.4773896623166135
1606,1992,Tennessee,0.5259803664707596
1612,1992,Texas,0.47757836834114503
1618,1992,Utah,0.3624642088601967
1629,1992,Vermont,0.6025420135850691
1641,1992,Virginia,0.4744498706585656
1646,1992,Washington,0.5759170107251123
1656,1992,West Virginia,0.5776883808194074
1660,1992,Wisconsin,0.5279450850211544
1670,1992,Wyoming,0.46207976570603426
1675,1996,Alabama,0.46266128846311055
1681,1996,Alaska,0.3957149749416618
1688,1996,Arizona,0.5122377115185426
1694,1996,Arkansas,0.5935282486475548
1707,1996,California,0.5721626523096894
1717,1996,Colorado,0.4924079236977256
1729,1996,Connecticut,0.6036350688231273
1737,1996,Delaware,0.5862365663256995
1743,1996,District of Columbia,0.9012354820886426
1751,1996,Florida,0.5315496119510641
1757,1996,Georgia,0.4936773080144583
1760,1996,Hawaii,0.6427615180824882
1768,1996,Idaho,0.3920097242428407
1773,1996,Illinois,0.5960509218545778
1781,1996,Indiana,0.46851593644954354
1785,1996,Iowa,0.5573338892373273
1795,1996,Kansas,0.39927634452015853
1800,1996,Kentucky,0.5052905118434284
1807,1996,Louisiana,0.5656083827159214
1815,1996,Maine,0.6266212041685532
1823,1996,Maryland,0.5863842348627238
1830,1996,Massachusetts,0.6863782540541509
1838,1996,Michigan,0.5732441336669677
1846,1996,Minnesota,0.5938068927137576
1859,1996,Mississippi,0.472527762454129
1864,1996,Missouri,0.5354703747642815
1872,1996,Montana,0.48312589549275836
1877,1996,Nebraska,0.39445177499216966
1882,1996,Nevada,0.5058653135524703
1890,1996,New Hampshire,0.5561163171068921
1895,1996,New Jersey,0.599667932033127
1898,1996,New Mexico,0.5402413056103159
1905,1996,New York,0.677320293812358
1919,1996,North Carolina,0.4747001333026536
1925,1996,North Dakota,0.4608868099415835
1930,1996,Ohio,0.5359694918172054
1940,1996,Oklahoma,0.4559939089329422
1943,1996,Oregon,0.5469311571965823
1952,1996,Pennsylvania,0.5516120536083254
1958,1996,Rhode Island,0.690042133874984
1967,1996,South Carolina,0.46888024078014545
1973,1996,South Dakota,0.48066414604865526
1976,1996,Tennessee,0.5128664234186056
1981,1996,Texas,0.4733937661787773
1988,1996,Utah,0.3798051218074387
2000,1996,Vermont,0.6318283038406202
2012,1996,Virginia,0.4893940549293311
2017,1996,Washington,0.5719465284478128
2026,1996,West Virginia,0.5835466517610786
2030,1996,Wisconsin,0.5591919666145019
2038,1996,Wyoming,0.42512082565104026
2043,2000,Alabama,0.42393058078668905
2048,2000,Alaska,0.3206305143627081
2056,2000,Arizona,0.46717400832860145
2063,2000,Arkansas,0.47199310489579194
2069,2000,California,0.5620298999907178
2077,2000,Colorado,0.45514080056720974
2086,2000,Connecticut,0.5925565804885452
2093,2000,Delaware,0.5674006478528845
2100,2000,District of Columbia,0.9048769447777848
2107,2000,Florida,0.49995390591966443
2118,2000,Georgia,0.4401624637709734
2121,2000,Hawaii,0.5982729628042934
2129,2000,Idaho,0.29151509544255994
2135,2000,Illinois,0.5618001031583959
2143,2000,Indiana,0.41995217467418067
2147,2000,Iowa,0.5016277918751817
2159,2000,Kansas,0.39083092536471914
2165,2000,Kentucky,0.42272384734323426
2173,2000,Louisiana,0.4606075403365277
2180,2000,Maine,0.5274784154100042
2187,2000,Maryland,0.584322989424543
2195,2000,Massachusetts,0.6478934376063381
2203,2000,Michigan,0.5263460648173409
2210,2000,Minnesota,0.5128641197581132
2220,2000,Mississippi,0.4139451516075371
2227,2000,Missouri,0.48288051343249333
2234,2000,Montana,0.3634363802133028
2241,2000,Nebraska,0.34820519137914974
2247,2000,Nevada,0.4814316150032757
2257,2000,New Hampshire,0.49332199804781196
2263,2000,New Jersey,0.5821140941672093
2266,2000,New Mexico,0.5003192602930914
2273,2000,New York,0.6357599158301068
2288,2000,North Carolina,0.4353600301849695
2293,2000,North Dakota,0.3527260342938372
2298,2000,Ohio,0.4816127777933392
2303,2000,Oklahoma,0.38919328777881085
2306,2000,Oregon,0.5023589198553057
2314,2000,Pennsylvania,0.5214847871680315
2320,2000,Rhode Island,0.6564911606759932
2332,2000,South Carolina,0.4183789393234974
2339,2000,South Dakota,0.38385287427626136
2344,2000,Tennessee,0.48037133214820993
2348,2000,Texas,0.3904372985143706
2354,2000,Utah,0.2827449456867586
2363,2000,Vermont,0.554403508967734
2375,2000,Virginia,0.4585276369416675
2381,2000,Washington,0.5294477100940541
2392,2000,West Virginia,0.46757925984062587
2398,2000,Wisconsin,0.5011506830315781
2406,2000,Wyoming,0.2901769435968296
2412,2004,Alabama,0.3710222864771775
2416,2004,Alaska,0.3677371701875368
2423,2004,Arizona,0.4472499496951174
2427,2004,Arkansas,0.4506425174833222
2432,2004,California,0.5504132045282245
2440,2004,Colorado,0.47633770441757367
2451,2004,Connecticut,0.5527494756058412
2458,2004,Delaware,0.5383150624509161
2465,2004,District of Columbia,0.9052027864743607
2473,2004,Florida,0.47476320424331214
2481,2004,Georgia,0.4164576730359044
2484,2004,Hawaii,0.5440444800293027
2489,2004,Idaho,0.306772618166357
2493,2004,Illinois,0.5520863404955345
2498,2004,Indiana,0.3957652375034154
2502,2004,Iowa,0.49663320737287087
2510,2004,Kansas,0.3713290121891777
2516,2004,Kentucky,0.39992380084526075
2522,2004,Louisiana,0.4266905873075651
2530,2004,Maine,0.545830164103086
2537,2004,Maryland,0.565655842075012
2545,2004,Massachusetts,0.6274285551299189
2552,2004,Michigan,0.5172584446796521
2559,2004,Minnesota,0.5176091061066895
2570,2004,Mississippi,0.40494999230378637
2577,2004,Missouri,0.4638028733456015
2582,2004,Montana,0.39499923824336647
2588,2004,Nebraska,0.331526627404053
2595,2004,Nevada,0.486824042751385
2601,2004,New Hampshire,0.5069028862013731
2606,2004,New Jersey,0.5337053631884221
2610,2004,New Mexico,0.49599664113645114
2615,2004,New York,0.5982979065644611
2626,2004,North Carolina,0.4375802799815888
2630,2004,North Dakota,0.36090645850056713
2636,2004,Ohio,0.4894125599521079
2640,2004,Oklahoma,0.3442959833524394
2641,2004,Oregon,0.5210862577445008
2647,2004,Pennsylvania,0.5125828209706239
2654,2004,Rhode Island,0.6057751057587814
2663,2004,South Carolina,0.4136354174025079
2670,2004,South Dakota,0.39086709198906316
2675,2004,Tennessee,0.4281455454525927
2679,2004,Texas,0.38489808102890083
2683,2004,Utah,0.2665356083987796
2690,2004,Vermont,0.6030100213925116
2698,2004,Virginia,0.4586630328646994
2702,2004,Washington,0.5364653768345296
2712,2004,West Virginia,0.43520289370254517
2716,2004,Wisconsin,0.5019180327426924
2723,2004,Wyoming,0.29687296826828297
2729,2008,Alabama,0.39109097246427327
2733,2008,Alaska,0.389352150834029
2739,2008,Arizona,0.4568609928038368
2745,2008,Arkansas,0.3982827938928274
2751,2008,California,0.622784495915854
2758,2008,Colorado,0.5455063469317343
2774,2008,Connecticut,0.6131833824975418
2778,2008,Delaware,0.6263813864988855
2785,2008,District of Columbia,0.9340076833341566
2790,2008,Florida,0.514196600308993
2805,2008,Georgia,0.47371664489188214
2809,2008,Hawaii,0.7299372587845542
2818,2008,Idaho,0.3697541019497945
2823,2008,Illinois,0.6273426404455936
2831,2008,Indiana,0.5052195344537809
2836,2008,Iowa,0.5484877778946735
2847,2008,Kansas,0.42387724181090564
2852,2008,Kentucky,0.4176657241229539
2858,2008,Louisiana,0.40542825838414637
2866,2008,Maine,0.588295249834076
2871,2008,Maryland,0.6293008729288553
2878,2008,Massachusetts,0.6319707821335295
2886,2008,Michigan,0.5837130157615452
2892,2008,Minnesota,0.5522937499539273
2901,2008,Mississippi,0.43358069007136163
2908,2008,Missouri,0.4993242085032335
2914,2008,Montana,0.4883059671605927
2919,2008,Nebraska,0.4239092557783436
2925,2008,Nevada,0.563867381251961
2932,2008,New Hampshire,0.548685411201095
2937,2008,New Jersey,0.5786462987142394
2947,2008,New Mexico,0.5766490001879759
2953,2008,New York,0.6576385737978426
2965,2008,North Carolina,0.5016596330006732
2971,2008,North Dakota,0.4559134371803188
2975,2008,Ohio,0.5233384076225412
2984,2008,Oklahoma,0.343549188773065
2985,2008,Oregon,0.5841372117722718
2992,2008,Pennsylvania,0.5522970381548445
2998,2008,Rhode Island,0.6419813750914577
3007,2008,South Carolina,0.4545557081079087
3013,2008,South Dakota,0.45704292765884624
3018,2008,Tennessee,0.4236852819764554
3021,2008,Texas,0.4406406324905928
3026,2008,Utah,0.35473638627259935
3033,2008,Vermont,0.688991817393381
3042,2008,Virginia,0.5318258440612755
3049,2008,Washington,0.5875202680210895
3058,2008,West Virginia,0.4332625623286275
3063,2008,Wisconsin,0.5705567824781841
3074,2008,Wyoming,0.3343797664490409
3080,2012,Alabama,0.38783771466562295
3084,2012,Alaska,0.4268470951843963
3089,2012,Arizona,0.4538661977629681
3094,2012,Arkansas,0.3784559464877038
3098,2012,California,0.6187281116329663
3105,2012,Colorado,0.5274798831420252
3121,2012,Connecticut,0.587725774769071
3126,2012,Delaware,0.5944695491927816
3130,2012,District of Columbia,0.9258764920211752
3135,2012,Florida,0.5044225213936623
3149,2012,Georgia,0.46043350901943275
3151,2012,Hawaii,0.7170384850107442
3158,2012,Idaho,0.3357861315642467
3162,2012,Illinois,0.585775233921169
3168,2012,Indiana,0.447996254026727
3171,2012,Iowa,0.5295935192810017
3181,2012,Kansas,0.38886673254746945
3186,2012,Kentucky,0.38457227606195094
3192,2012,Louisiana,0.4125317438588602
3202,2012,Maine,0.5785992139357711
3208,2012,Maryland,0.6332172578690598
3213,2012,Massachusetts,0.6178568074906001
3219,2012,Michigan,0.5480053207117788
3225,2012,Minnesota,0.5394122646169819
3237,2012,Mississippi,0.4419810080121222
3243,2012,Missouri,0.45221333246620027
3247,2012,Montana,0.42965768136118543
3251,2012,Nebraska,0.38870609731774636
3255,2012,Nevada,0.5340754216334653
3260,2012,New Hampshire,0.528337519782581
3266,2012,New Jersey,0.5895196555058577
3276,2012,New Mexico,0.5529520464690869
3282,2012,New York,0.6604269487027739
3293,2012,North Carolina,0.48965965096995
3297,2012,North Dakota,0.39888791711088273
3302,2012,Ohio,0.5151405676924949
3311,2012,Oklahoma,0.3322768025698344
3312,2012,Oregon,0.5627116717874738
3319,2012,Pennsylvania,0.5273193400189182
3323,2012,Rhode Island,0.6401674597888212
3332,2012,South Carolina,0.44691745295434626
3337,2012,South Dakota,0.4078150086180476
3341,2012,Tennessee,0.3964892847370595
3346,2012,Texas,0.41992102784893615
3351,2012,Utah,0.2537381110485252
3358,2012,Vermont,0.6824725882639062
3364,2012,Virginia,0.5196737668876448
3370,2012,Washington,0.5762829827062185
3379,2012,West Virginia,0.36325702367957263
3383,2012,Wisconsin,0.5346342998287241
3389,2012,Wyoming,0.2883936598847857
3396,2016,Alabama,0.3562585640603926
3401,2016,Alaska,0.4161434528893193
3408,2016,Arizona,0.4810997659896054
3418,2016,Arkansas,0.35714862310229534
3425,2016,California,0.6612822054272989
3431,2016,Colorado,0.5268333337268244
3451,2016,Connecticut,0.5714154751726364
3456,2016,Delaware,0.5599862144368122
3460,2016,District of Columbia,0.9569518834185409
3468,2016,Florida,0.4938116452722452
3475,2016,Georgia,0.47338827400696787
3478,2016,Hawaii,0.6744133745053545
3486,2016,Idaho,0.31689823319194416
3490,2016,Illinois,0.5902005139071148
3496,2016,Indiana,0.3988269047549193
3503,2016,Iowa,0.4493645215487965
3513,2016,Kansas,0.38888529657393334
3518,2016,Kentucky,0.34329370982490137
3525,2016,Louisiana,0.3982832276219221
3529,2016,Maine,0.5159679112916253
3535,2016,Maryland,0.6401624968476939
3544,2016,Massachusetts,0.646512786896295
3552,2016,Michigan,0.4988233178303845
3558,2016,Minnesota,0.5083169370718048
3569,2016,Mississippi,0.4091015267593994
3576,2016,Missouri,0.40181439004433933
3582,2016,Montana,0.38890335682975563
3587,2016,Nebraska,0.3645232588682243
3591,2016,Nevada,0.512937094199852
3597,2016,New Hampshire,0.501970284423807
3604,2016,New Jersey,0.5728419014290129
3613,2016,New Mexico,0.5465079493432411
3621,2016,New York,0.6341150649977537
3634,2016,North Carolina,0.48096254196281285
3639,2016,North Dakota,0.30190757103480254
3646,2016,Ohio,0.45732315422864095
3651,2016,Oklahoma,0.30695262761671865
3653,2016,Oregon,0.5615583894505436
3659,2016,Pennsylvania,0.4962446419250984
3663,2016,Rhode Island,0.5831070409265982
3670,2016,South Carolina,0.4253974363947598
3677,2016,South Dakota,0.3402814192056875
3681,2016,Tennessee,0.3637565695473801
3685,2016,Texas,0.45286774422028014
3690,2016,Utah,0.37617101654588714
3695,2016,Vermont,0.6518642632382037
3704,2016,Virginia,0.528263762771547
3710,2016,Washington,0.5878693120006476
3719,2016,West Virginia,0.27838947748704224
3724,2016,Wisconsin,0.49592010961970284
3733,2016,Wyoming,0.2429468037084621
3740,2020,Alabama,0.3708862516664528
3744,2020,Alaska,0.4473815127615069
3752,2020,Arizona,0.5015683167912931
3762,2020,Arkansas,0.3578756672201685
3773,2020,California,0.6490891136066756
3784,2020,Colorado,0.5693831949230015
3807,2020,Connecticut,0.6019504908807785
3838,2020,Delaware,0.5962674416498447
3842,2020,District of Columbia,0.9446695384761944
3849,2020,Florida,0.48305245337858443
3878,2020,Georgia,0.5011932966290864
3881,2020,Hawaii,0.6503266464651488
3889,2020,Idaho,0.3412285707492213
3904,2020,Illinois,0.5865904373280693
3924,2020,Indiana,0.4180495199255704
3939,2020,Iowa,0.4581673691536295
3951,2020,Kansas,0.4250657174436865
3954,2020,Kentucky,0.36799897099737033
3968,2020,Louisiana,0.4053555954370895
3981,2020,Maine,0.5467040458200397
3989,2020,Maryland,0.6702904704709234
4014,2020,Massachusetts,0.6711554954014815
4020,2020,Michigan,0.5141355934440947
4032,2020,Minnesota,0.5363951364856667
4041,2020,Mississippi,0.4161501417261114
4051,2020,Missouri,0.4216417935559855
4062,2020,Montana,0.41602819907951893
4068,2020,Nebraska,0.40215947753398273
4073,2020,Nevada,0.512231173400438
4078,2020,New Hampshire,0.5374834772159505
4100,2020,New Jersey,0.5807128358679484
4109,2020,New Mexico,0.5551849015171975
4113,2020,New York,0.6171683489301224
4138,2020,North Carolina,0.4931581746681328
4145,2020,North Dakota,0.3278259157710337
4149,2020,Ohio,0.45923302352297285
4159,2020,Oklahoma,0.3305996050309349
4165,2020,Oregon,0.5830715698544173
4171,2020,Pennsylvania,0.5058920525934906
4173,2020,Rhode Island,0.6059935988395926
4184,2020,South Carolina,0.44073391250417904
4186,2020,South Dakota,0.365652201383185
4189,2020,Tennessee,0.38172229627933646
4202,2020,Texas,0.4716927876322047
4216,2020,Utah,0.39306394878148365
4228,2020,Vermont,0.6829918655280656
4252,2020,Virginia,0.551546869993999
4256,2020,Washington,0.599255031847907
4263,2020,West Virginia,0.3020146768607797
4267,2020,Wisconsin,0.5031906326653399
4280,2020,Wyoming,0.27519565624414905
